instance,algorithm,n,m,flow_value,cost_value,mean_ms,stddev_ms,status
netgen_01.min,CycleCanceling,202,1508,100000,196587626,350.014,53.5321,OK
netgen_01.min,SuccessiveShortest,202,1508,100000,196587626,11.0023,0.420011,OK
netgen_01.min,SuccessiveShortestDijkstra,202,1508,100000,196587626,15.1381,0.097242,OK
netgen_01.min,NetworkSimplex,202,1508,100000,196587626,5.07343,0.516539,OK
netgen_02.min,CycleCanceling,202,1711,100000,194072029,393.235,38.8645,OK
netgen_02.min,SuccessiveShortest,202,1711,100000,194072029,9.35838,0.0045205,OK
netgen_02.min,SuccessiveShortestDijkstra,202,1711,100000,194072029,13.2811,0.158931,OK
netgen_02.min,NetworkSimplex,202,1711,100000,194072029,4.93454,0.0249995,OK
netgen_03.min,CycleCanceling,202,2200,100000,159442947,620.249,1.69916,OK
netgen_03.min,SuccessiveShortest,202,2200,100000,159442947,16.355,1.55936,OK
netgen_03.min,SuccessiveShortestDijkstra,202,2200,100000,159442947,16.9201,0.046054,OK
netgen_03.min,NetworkSimplex,202,2200,100000,159442947,6.43944,0.192612,OK
netgen_04.min,CycleCanceling,202,2400,100000,138936551,673.371,57.1326,OK
netgen_04.min,SuccessiveShortest,202,2400,100000,138936551,15.1756,0.0215355,OK
netgen_04.min,SuccessiveShortestDijkstra,202,2400,100000,138936551,17.5153,0.934671,OK
netgen_04.min,NetworkSimplex,202,2400,100000,138936551,6.94966,0.0153,OK
netgen_05.min,CycleCanceling,202,3100,100000,102950805,1071.41,109.962,OK
netgen_05.min,SuccessiveShortest,202,3100,100000,102950805,22.3095,0.0539835,OK
netgen_05.min,SuccessiveShortestDijkstra,202,3100,100000,102950805,23.6863,0.938423,OK
netgen_05.min,NetworkSimplex,202,3100,100000,102950805,9.06765,0.258365,OK
netgen_06.min,CycleCanceling,302,3474,150000,191968577,2361.14,2.32218,OK
netgen_06.min,SuccessiveShortest,302,3474,150000,191968577,41.5728,0.0767295,OK
netgen_06.min,SuccessiveShortestDijkstra,302,3474,150000,191968577,42.9388,0.543113,OK
netgen_06.min,NetworkSimplex,302,3474,150000,191968577,13.3265,0.171872,OK
netgen_07.min,CycleCanceling,302,4819,150000,172742047,3565.24,395.482,OK
netgen_07.min,SuccessiveShortest,302,4819,150000,172742047,53.0672,1.77684,OK
netgen_07.min,SuccessiveShortestDijkstra,302,4819,150000,172742047,54.4912,0.092166,OK
netgen_07.min,NetworkSimplex,302,4819,150000,172742047,19.5929,0.033865,OK
netgen_08.min,CycleCanceling,302,5469,150000,177575586,4221.15,402.719,OK
netgen_08.min,SuccessiveShortest,302,5469,150000,177575586,60.3287,0.355168,OK
netgen_08.min,SuccessiveShortestDijkstra,302,5469,150000,177575586,49.2518,0.195327,OK
netgen_08.min,NetworkSimplex,302,5469,150000,177575586,21.4835,0.033098,OK
netgen_09.min,CycleCanceling,302,6375,150000,144994180,5976.2,563.245,OK
netgen_09.min,SuccessiveShortest,302,6375,150000,144994180,61.1401,0.0121965,OK
netgen_09.min,SuccessiveShortestDijkstra,302,6375,150000,144994180,56.9662,3.24064,OK
netgen_09.min,NetworkSimplex,302,6375,150000,144994180,23.1587,0.0499285,OK
netgen_10.min,CycleCanceling,302,6620,150000,148675665,6344.62,6.26219,OK
netgen_10.min,SuccessiveShortest,302,6620,150000,148675665,77.4168,2.61397,OK
netgen_10.min,SuccessiveShortestDijkstra,302,6620,150000,148675665,61.7345,0.251258,OK
netgen_10.min,NetworkSimplex,302,6620,150000,148675665,26.0968,0.100078,OK
netgen_11.min,CycleCanceling,402,1900,200,473532,94.8349,0.851783,OK
netgen_11.min,SuccessiveShortest,402,1900,200,473532,7.78531,0.022129,OK
netgen_11.min,SuccessiveShortestDijkstra,402,1900,200,473532,15.9558,0.211535,OK
netgen_11.min,NetworkSimplex,402,1900,200,473532,11.2486,0.312207,OK
netgen_12.min,CycleCanceling,402,2650,200,326853,179.122,2.12406,OK
netgen_12.min,SuccessiveShortest,402,2650,200,326853,9.59649,0.396602,OK
netgen_12.min,SuccessiveShortestDijkstra,402,2650,200,326853,19.7975,1.16491,OK
netgen_12.min,NetworkSimplex,402,2650,200,326853,17.1349,0.533694,OK
netgen_13.min,CycleCanceling,402,3400,200,258242,261.606,1.10795,OK
netgen_13.min,SuccessiveShortest,402,3400,200,258242,12.803,0.174352,OK
netgen_13.min,SuccessiveShortestDijkstra,402,3400,200,258242,20.324,0.700293,OK
netgen_13.min,NetworkSimplex,402,3400,200,258242,21.571,0.441744,OK
netgen_14.min,CycleCanceling,402,4150,200,247036,375.299,2.67352,OK
netgen_14.min,SuccessiveShortest,402,4150,200,247036,14.1165,0.339943,OK
netgen_14.min,SuccessiveShortestDijkstra,402,4150,200,247036,21.6685,0.359062,OK
netgen_14.min,NetworkSimplex,402,4150,200,247036,25.9959,0.0180745,OK
netgen_15.min,CycleCanceling,402,4900,200,212597,445.576,52.8584,OK
netgen_15.min,SuccessiveShortest,402,4900,200,212597,15.7375,0.317594,OK
netgen_15.min,SuccessiveShortestDijkstra,402,4900,200,212597,23.2843,0.050087,OK
netgen_15.min,NetworkSimplex,402,4900,200,212597,30.1957,0.098703,OK
netgen_16.min,CycleCanceling,402,1374,400000,6815524469,87.3978,0.923047,OK
netgen_16.min,SuccessiveShortest,402,1374,400000,6815524469,7.28632,0.043898,OK
netgen_16.min,SuccessiveShortestDijkstra,402,1374,400000,6815524469,10.1462,1.00778,OK
netgen_16.min,NetworkSimplex,402,1374,400000,6815524469,6.20396,1.01538,OK
netgen_17.min,CycleCanceling,402,2511,400000,2646770386,283.361,3.25434,OK
netgen_17.min,SuccessiveShortest,402,2511,400000,2646770386,7.22374,0.066644,OK
netgen_17.min,SuccessiveShortestDijkstra,402,2511,400000,2646770386,10.1747,0.097589,OK
netgen_17.min,NetworkSimplex,402,2511,400000,2646770386,9.61417,2.3749,OK
netgen_18.min,CycleCanceling,402,1374,400000,6663684919,113.988,1.97731,OK
netgen_18.min,SuccessiveShortest,402,1374,400000,6663684919,6.44846,0.0489805,OK
netgen_18.min,SuccessiveShortestDijkstra,402,1374,400000,6663684919,8.6802,0.18874,OK
netgen_18.min,NetworkSimplex,402,1374,400000,6663684919,6.2789,0.668363,OK
netgen_19.min,CycleCanceling,402,2511,400000,2618979806,282.339,2.42895,OK
netgen_19.min,SuccessiveShortest,402,2511,400000,2618979806,7.7352,0.643203,OK
netgen_19.min,SuccessiveShortestDijkstra,402,2511,400000,2618979806,10.7196,0.175028,OK
netgen_19.min,NetworkSimplex,402,2511,400000,2618979806,8.41488,1.32861,OK
netgen_20.min,CycleCanceling,402,1484,400000,6749969302,134.301,1.1021,OK
netgen_20.min,SuccessiveShortest,402,1484,400000,6749969302,5.73358,0.532912,OK
netgen_20.min,SuccessiveShortestDijkstra,402,1484,400000,6749969302,9.02008,0.0193115,OK
netgen_20.min,NetworkSimplex,402,1484,400000,6749969302,4.64277,0.022776,OK
netgen_21.min,CycleCanceling,402,2904,400000,2631027973,304.261,4.74675,OK
netgen_21.min,SuccessiveShortest,402,2904,400000,2631027973,7.88334,0.651495,OK
netgen_21.min,SuccessiveShortestDijkstra,402,2904,400000,2631027973,10.7648,0.0808555,OK
netgen_21.min,NetworkSimplex,402,2904,400000,2631027973,7.34033,0.745052,OK
netgen_22.min,CycleCanceling,402,1484,400000,6621515104,144.294,16.926,OK
netgen_22.min,SuccessiveShortest,402,1484,400000,6621515104,4.44106,0.325545,OK
netgen_22.min,SuccessiveShortestDijkstra,402,1484,400000,6621515104,7.32346,0.11677,OK
netgen_22.min,NetworkSimplex,402,1484,400000,6621515104,6.42233,1.15109,OK
netgen_23.min,CycleCanceling,402,2904,400000,2630071408,360.705,2.43438,OK
netgen_23.min,SuccessiveShortest,402,2904,400000,2630071408,8.82917,0.202126,OK
netgen_23.min,SuccessiveShortestDijkstra,402,2904,400000,2630071408,10.0347,0.365944,OK
netgen_23.min,NetworkSimplex,402,2904,400000,2630071408,6.34597,0.0416665,OK
netgen_24.min,CycleCanceling,402,1398,400000,6829799687,73.9324,8.25586,OK
netgen_24.min,SuccessiveShortest,402,1398,400000,6829799687,3.61001,0.096146,OK
netgen_24.min,SuccessiveShortestDijkstra,402,1398,400000,6829799687,4.66225,0.170568,OK
netgen_24.min,NetworkSimplex,402,1398,400000,6829799687,6.70386,0.194253,OK
netgen_25.min,CycleCanceling,402,2692,400000,6396423129,189.803,3.10706,OK
netgen_25.min,SuccessiveShortest,402,2692,400000,6396423129,11.3126,0.708376,OK
netgen_25.min,SuccessiveShortestDijkstra,402,2692,400000,6396423129,10.4557,0.62515,OK
netgen_25.min,NetworkSimplex,402,2692,400000,6396423129,8.76069,2.29314,OK
netgen_26.min,CycleCanceling,402,1398,400000,5297702923,30.8397,6.88714,OK
netgen_26.min,SuccessiveShortest,402,1398,400000,5297702923,1.03356,0.056248,OK
netgen_26.min,SuccessiveShortestDijkstra,402,1398,400000,5297702923,2.12622,0.104934,OK
netgen_26.min,NetworkSimplex,402,1398,400000,5297702923,4.76273,0.754868,OK
netgen_27.min,CycleCanceling,402,2692,400000,4863992745,117.866,15.8848,OK
netgen_27.min,SuccessiveShortest,402,2692,400000,4863992745,5.13728,0.177109,OK
netgen_27.min,SuccessiveShortestDijkstra,402,2692,400000,4863992745,5.81901,0.049302,OK
netgen_27.min,NetworkSimplex,402,2692,400000,4863992745,6.78351,0.280999,OK
netgen_28.min,CycleCanceling,1002,3000,1000000,11599233408,1420.09,2.31001,OK
netgen_28.min,SuccessiveShortest,1002,3000,1000000,11599233408,22.1797,0.136842,OK
netgen_28.min,SuccessiveShortestDijkstra,1002,3000,1000000,11599233408,28.4126,1.07497,OK
netgen_28.min,NetworkSimplex,1002,3000,1000000,11599233408,37.3612,3.01048,OK
netgen_29.min,CycleCanceling,1002,3500,1000000,11700773092,1380.1,110.684,OK
netgen_29.min,SuccessiveShortest,1002,3500,1000000,11700773092,31.1241,0.199279,OK
netgen_29.min,SuccessiveShortestDijkstra,1002,3500,1000000,11700773092,35.489,2.7821,OK
netgen_29.min,NetworkSimplex,1002,3500,1000000,11700773092,39.767,3.99266,OK
netgen_30.min,CycleCanceling,1002,4500,1000000,8782721260,2479.37,1.67459,OK
netgen_30.min,SuccessiveShortest,1002,4500,1000000,8782721260,40.7144,0.120513,OK
netgen_30.min,SuccessiveShortestDijkstra,1002,4500,1000000,8782721260,37.7648,0.124323,OK
netgen_30.min,NetworkSimplex,1002,4500,1000000,8782721260,56.3835,0.155669,OK
netgen_31.min,CycleCanceling,1002,4900,1000000,8577913734,2144.85,72.1755,OK
netgen_31.min,SuccessiveShortest,1002,4900,1000000,8577913734,38.8386,0.079668,OK
netgen_31.min,SuccessiveShortestDijkstra,1002,4900,1000000,8577913734,40.3768,3.49137,OK
netgen_31.min,NetworkSimplex,1002,4900,1000000,8577913734,53.5355,0.102896,OK
netgen_32.min,CycleCanceling,1502,4492,1500000,17996365110,5796.35,28.9253,OK
netgen_32.min,SuccessiveShortest,1502,4492,1500000,17996365110,66.7531,0.060411,OK
netgen_32.min,SuccessiveShortestDijkstra,1502,4492,1500000,17996365110,65.5393,0.0231,OK
netgen_32.min,NetworkSimplex,1502,4492,1500000,17996365110,106.929,0.528133,OK
netgen_33.min,CycleCanceling,1502,4535,1500000,18424893900,4925.62,94.0725,OK
netgen_33.min,SuccessiveShortest,1502,4535,1500000,18424893900,82.7379,0.551234,OK
netgen_33.min,SuccessiveShortestDijkstra,1502,4535,1500000,18424893900,68.8442,0.209076,OK
netgen_33.min,NetworkSimplex,1502,4535,1500000,18424893900,110.794,0.388491,OK
netgen_34.min,CycleCanceling,1502,5257,1500000,14596094907,6044.29,67.0698,OK
netgen_34.min,SuccessiveShortest,1502,5257,1500000,14596094907,70.5849,0.691443,OK
netgen_34.min,SuccessiveShortestDijkstra,1502,5257,1500000,14596094907,69.3243,0.124954,OK
netgen_34.min,NetworkSimplex,1502,5257,1500000,14596094907,105.217,0.441327,OK
netgen_35.min,CycleCanceling,1502,5880,1500000,14350903861,8176.45,87.201,OK
netgen_35.min,SuccessiveShortest,1502,5880,1500000,14350903861,113.117,0.857323,OK
netgen_35.min,SuccessiveShortestDijkstra,1502,5880,1500000,14350903861,90.9445,0.0354365,OK
netgen_35.min,NetworkSimplex,1502,5880,1500000,14350903861,122.99,14.5739,OK
netgen_36.min,CycleCanceling,8002,16200,-1,-1,16000.1,0,TLE
netgen_36.min,SuccessiveShortest,8002,16200,4000000,87957673940,5172.25,0.76268,OK
netgen_36.min,SuccessiveShortestDijkstra,8002,16200,4000000,87957673940,3496.68,21.5143,OK
netgen_36.min,NetworkSimplex,8002,16200,4000000,87957673940,4046.91,302.641,OK
netgen_37.min,CycleCanceling,5002,23950,-1,-1,16000.1,0,TLE
netgen_37.min,SuccessiveShortest,5002,23950,4000000,35607266430,4816.66,0.103979,OK
netgen_37.min,SuccessiveShortestDijkstra,5002,23950,4000000,35607266430,3063.57,0.604231,OK
netgen_37.min,NetworkSimplex,5002,23950,4000000,35607266430,4091.18,8.81923,OK
netgen_38.min,CycleCanceling,3002,35625,-1,-1,16000.1,0,TLE
netgen_38.min,SuccessiveShortest,3002,35625,2000000,7265734372,3479.76,54.4743,OK
netgen_38.min,SuccessiveShortestDijkstra,3002,35625,2000000,7265734372,1978.44,6.13917,OK
netgen_38.min,NetworkSimplex,3002,35625,2000000,7265734372,2106.78,568.146,OK
netgen_39.min,CycleCanceling,5002,15880,-1,-1,16000.1,0,TLE
netgen_39.min,SuccessiveShortest,5002,15880,4000000,48660418428,2897.57,7.41039,OK
netgen_39.min,SuccessiveShortestDijkstra,5002,15880,4000000,48660418428,2089.33,7.85459,OK
netgen_39.min,NetworkSimplex,5002,15880,4000000,48660418428,2862.03,2.24505,OK
netgen_40.min,CycleCanceling,3002,23400,-1,-1,16000.1,0,TLE
netgen_40.min,SuccessiveShortest,3002,23400,2000000,11068572024,1440.2,13.4189,OK
netgen_40.min,SuccessiveShortestDijkstra,3002,23400,2000000,11068572024,960.978,0.648606,OK
netgen_40.min,NetworkSimplex,3002,23400,2000000,11068572024,1543.32,144.809,OK
