instance,algorithm,n,m,flow_value,mean_ms,stddev_ms,status
genrmf_long.max,FordFulkerson,1024,4080,40958,1169.48,72.389,OK
genrmf_long.max,EdmondsKarp,1024,4080,40958,8.40117,0.665766,OK
genrmf_long.max,Dinic,1024,4080,40958,3.02226,0.506687,OK
genrmf_long.max,PushRelabel,1024,4080,40958,113.592,2.77029,OK
genrmf_long.max,PushRelabelImproved,1024,4080,40958,2.38418,0.0610058,OK
genrmf_medium.max,FordFulkerson,1024,4544,133085,4527.27,327.072,OK
genrmf_medium.max,EdmondsKarp,1024,4544,133085,7.47488,0.665397,OK
genrmf_medium.max,Dinic,1024,4544,133085,2.76782,0.0706041,OK
genrmf_medium.max,PushRelabel,1024,4544,133085,2.74715,0.0451979,OK
genrmf_medium.max,PushRelabelImproved,1024,4544,133085,2.11421,0.169626,OK
genrmf_small.max,FordFulkerson,256,1008,35852,105.113,1.79421,OK
genrmf_small.max,EdmondsKarp,256,1008,35852,0.599104,0.0235995,OK
genrmf_small.max,Dinic,256,1008,35852,0.380059,0.0185689,OK
genrmf_small.max,PushRelabel,256,1008,35852,7.00228,0.233951,OK
genrmf_small.max,PushRelabelImproved,256,1008,35852,0.554005,0.0453457,OK
genrmf_wide.max,FordFulkerson,1024,4608,513342,14124.5,902.929,OK
genrmf_wide.max,EdmondsKarp,1024,4608,513342,10.9624,1.25699,OK
genrmf_wide.max,Dinic,1024,4608,513342,3.30545,0.221974,OK
genrmf_wide.max,PushRelabel,1024,4608,513342,2.87895,0.684656,OK
genrmf_wide.max,PushRelabelImproved,1024,4608,513342,2.94312,0.255618,OK
wash_line_100.max,FordFulkerson,10002,39398,-1,60000.1,0,TLE
wash_line_100.max,EdmondsKarp,10002,39398,157298106,5032.27,314.986,OK
wash_line_100.max,Dinic,10002,39398,157298106,53.6213,1.46757,OK
wash_line_100.max,PushRelabel,10002,39398,157298106,19315.3,468.57,OK
wash_line_100.max,PushRelabelImproved,10002,39398,157298106,45.1252,1.58175,OK
wash_line_50.max,FordFulkerson,2502,9692,-1,60000.1,0,TLE
wash_line_50.max,EdmondsKarp,2502,9692,76426382,247.05,7.56681,OK
wash_line_50.max,Dinic,2502,9692,76426382,6.35883,0.272444,OK
wash_line_50.max,PushRelabel,2502,9692,76426382,942.698,2.33194,OK
wash_line_50.max,PushRelabelImproved,2502,9692,76426382,5.87576,0.375417,OK
wash_mesh_16.max,FordFulkerson,258,752,12296,29.6236,2.13687,OK
wash_mesh_16.max,EdmondsKarp,258,752,12296,1.83333,0.161932,OK
wash_mesh_16.max,Dinic,258,752,12296,0.177443,0.0428638,OK
wash_mesh_16.max,PushRelabel,258,752,12296,2.64071,0.265146,OK
wash_mesh_16.max,PushRelabelImproved,258,752,12296,0.607753,0.0210813,OK
wash_mesh_32.max,FordFulkerson,1026,3040,26912,450.31,29.5773,OK
wash_mesh_32.max,EdmondsKarp,1026,3040,26912,28.5359,0.527475,OK
wash_mesh_32.max,Dinic,1026,3040,26912,0.86771,0.0745669,OK
wash_mesh_32.max,PushRelabel,1026,3040,26912,12.249,0.960623,OK
wash_mesh_32.max,PushRelabelImproved,1026,3040,26912,2.01283,0.389504,OK
wash_rlg_16.max,FordFulkerson,258,752,11940,54.7737,0.51431,OK
wash_rlg_16.max,EdmondsKarp,258,752,11940,2.17719,0.0185336,OK
wash_rlg_16.max,Dinic,258,752,11940,0.331813,0.0342957,OK
wash_rlg_16.max,PushRelabel,258,752,11940,1.57013,0.126298,OK
wash_rlg_16.max,PushRelabelImproved,258,752,11940,0.496956,0.0358041,OK
wash_rlg_32.max,FordFulkerson,1026,3040,22142,668.309,23.375,OK
wash_rlg_32.max,EdmondsKarp,1026,3040,22142,34.775,1.19942,OK
wash_rlg_32.max,Dinic,1026,3040,22142,1.96979,0.0787931,OK
wash_rlg_32.max,PushRelabel,1026,3040,22142,37.8568,0.179198,OK
wash_rlg_32.max,PushRelabelImproved,1026,3040,22142,3.08176,0.458222,OK
wash_rlg_64.max,FordFulkerson,4098,12224,46000,6671.89,7.38903,OK
wash_rlg_64.max,EdmondsKarp,4098,12224,46000,695.035,25.4941,OK
wash_rlg_64.max,Dinic,4098,12224,46000,20.6127,0.157391,OK
wash_rlg_64.max,PushRelabel,4098,12224,46000,201.411,5.01233,OK
wash_rlg_64.max,PushRelabelImproved,4098,12224,46000,18.6255,0.899731,OK
test_small.max,FordFulkerson,6,8,15,0.0563152,0.0512501,OK
test_small.max,EdmondsKarp,6,8,15,0.0670162,0.0305074,OK
test_small.max,Dinic,6,8,15,0.04661,0.0062864,OK
test_small.max,PushRelabel,6,8,15,0.0452416,0.00809854,OK
test_small.max,PushRelabelImproved,6,8,15,0.0474464,0.012919,OK
